<?xml version="1.0" encoding="UTF-8"?>
<!--

    BleachBit
    Copyright (C) 2008-2024 Andrew Ziem
    https://www.bleachbit.org

    This program is free software: you can redistribute it and/or modify
    it under the terms of the GNU General Public License as published by
    the Free Software Foundation, either version 3 of the License, or
    (at your option) any later version.

    This program is distributed in the hope that it will be useful,
    but WITHOUT ANY WARRANTY; without even the implied warranty of
    MERCHANTABILITY or FITNESS FOR A PARTICULAR PURPOSE.  See the
    GNU General Public License for more details.

    You should have received a copy of the GNU General Public License
    along with this program.  If not, see <http://www.gnu.org/licenses/>.

-->
<cleaner id="hexchat">
  <label>HexChat</label>
  <description>IRC client formerly known as XChat</description>
  <option id="logs">
    <label>Chat logs</label>
    <description>Delete the chat logs</description>
    <action command="delete" search="walk.all" path="~/.xchat2/scrollback/"/>
    <action command="delete" search="glob" path="~/.xchat2/logs/*log"/>
    <!-- ~/.xchat2/logs/*log seen before XChat version 2.8.6.  Not present in XChat 2.4.0 Windows. -->
    <action command="delete" search="glob" path="~/.xchat2/xchatlogs/*log"/>
    <!-- ~/.xchat2/xchatlogs/*log seen first in XChat version 2.8.6 -->
    <action command="delete" search="walk.all" path="$APPDATA\X-Chat 2\scrollback\"/>
    <action command="delete" search="glob" path="$APPDATA\X-Chat 2\xchatlogs\*log"/>
  </option>
</cleaner>
