<?xml version="1.0" encoding="UTF-8"?>
<!--

    BleachBit
    Copyright (C) 2008-2024 Andrew Ziem
    https://www.bleachbit.org

    This program is free software: you can redistribute it and/or modify
    it under the terms of the GNU General Public License as published by
    the Free Software Foundation, either version 3 of the License, or
    (at your option) any later version.

    This program is distributed in the hope that it will be useful,
    but WITHOUT ANY WARRANTY; without even the implied warranty of
    MERCHANTABILITY or FITNESS FOR A PARTICULAR PURPOSE.  See the
    GNU General Public License for more details.

    You should have received a copy of the GNU General Public License
    along with this program.  If not, see <http://www.gnu.org/licenses/>.

    @app Midnight Commander
    @url http://midnight-commander.org/
    @url https://sourceforge.net/projects/mcwin32/
    @os Windows, Linux
    @cleanerversion v2.1.1
    @cleanerdate 2019-03-29
    @cleanerby Andrew Ziem (2009-02-15 - 2009-10-17) & Tobias B. Besemer (2019-03-10 - 2019-03-29) & dngray (2019-03-28)
    @tested ok v???, Windows 7
    @testeddate 2019-03-10
    @testedby https://github.com/Tobias-B-Besemer
    @note 

-->
<cleaner id="midnightcommander">
  <label>Midnight Commander</label>
  <description>File manager</description>
  <var name="profile">
    <value os="windows">%UserProfile%\Midnight Commander</value>
    <value os="linux">~/.mc</value>
    <value os="linux">$XDG_DATA_HOME/mc</value>
  </var>
  <option id="history">
    <label>History</label>
    <description>Delete the usage history</description>
    <action command="delete" search="file" path="$$profile$$/history"/>
    <action command="delete" search="file" path="$$profile$$/filepos"/>
  </option>
</cleaner>
