<?xml version="1.0" encoding="UTF-8"?>
<!--

    BleachBit
    Copyright (C) 2008-2024 Andrew Ziem
    https://www.bleachbit.org

    This program is free software: you can redistribute it and/or modify
    it under the terms of the GNU General Public License as published by
    the Free Software Foundation, either version 3 of the License, or
    (at your option) any later version.

    This program is distributed in the hope that it will be useful,
    but WITHOUT ANY WARRANTY; without even the implied warranty of
    MERCHANTABILITY or FITNESS FOR A PARTICULAR PURPOSE.  See the
    GNU General Public License for more details.

    You should have received a copy of the GNU General Public License
    along with this program.  If not, see <http://www.gnu.org/licenses/>.

-->
<cleaner id="thunderbird">
  <label>Thunderbird</label>
  <description>Email client</description>
  <running type="exe" os="windows">thunderbird.exe</running>
  <running type="exe" os="linux">thunderbird</running>
  <running type="exe" os="freebsd">thunderbird</running>
  <var name="profile">
    <!-- Fedora 11 Thunderbird 3.0 has ~/.thunderbird/default/????????.slt/ -->
    <!-- Ubuntu 10.04 Thunderbird 3 has ~/.thunderbird/????????.default/ -->
    <!-- Ubuntu 9.10 Thunderbird 2.0 has ~/.mozilla-thunderbird/????????.default/ -->
    <!-- openSUSE 11.3 Thunderbird 3 has ~/.thunderbird/Profiles/????????.default/ -->
    <value search="glob" os="linux">~/.thunderbird/*</value>
    <value search="glob" os="linux">~/.mozilla-thunderbird/*</value>
    <value search="glob" os="linux">~/.thunderbird/Profiles/*</value>
    <value search="glob" os="linux">~/.var/app/org.mozilla.Thunderbird/.thunderbird/*</value> <!-- Flatpak -->
    <value search="glob" os="windows">%AppData%\Thunderbird\Profiles\*</value>
  </var>
  <option id="cache">
    <label>Cache</label>
    <description>Delete the web cache, which reduces time to display revisited pages</description>
    <action command="delete" search="walk.all" path="$$profile$$/Cache/"/>
    <action command="delete" search="walk.all" path="~/.cache/thunderbird/"/>
    <action command="delete" search="walk.all" path="~/.var/app/org.mozilla.Thunderbird/cache/thunderbird/"/> <!-- Flatpak -->
    <action command="delete" search="walk.all" path="%LocalAppData%\Thunderbird\Profiles\*\cache2\"/>
    <action command="delete" search="walk.all" path="%LocalAppData%\Thunderbird\Profiles\*\startupCache\"/>
    <!-- Ubuntu 10.04 Thunderbird 3 has ~/.thunderbird/????????.default/Cache/ -->
    <!-- openSUSE 11.3 Thunderbird 3 has ~/.thunderbird/Profiles/????????.default/Cache/ -->
    <!-- Ubuntu 19.04 Thunderbird 60.0.80 has ~/.cache/thunderbird/ , and it is no longer under $$profile$$-->
  </option>
  <option id="cookies">
    <label>Cookies</label>
    <description>Delete cookies, which contain information such as web site preferences, authentication, and tracking identification</description>
    <action command="delete" search="file" path="$$profile$$/cookies.sqlite"/>
  </option>
  <option id="index">
    <label>Index</label>
    <description>Delete the files</description>
    <warning>Deleting the index will reset the configuration of columns in the message list.</warning>
    <action command="delete" search="walk.files" path="$$profile$$" regex="\.msf$"/>
  </option>
  <option id="sessionjson">
    <!-- delete the session, i.e. open windows and tabs  -->
    <label>Session restore</label>
    <description>Loads the initial session after the browser closes or crashes</description>
    <action command="delete" search="file" path="$$profile$$/session.json"/>
  </option>
  <option id="passwords">
    <label>Passwords</label>
    <description>A database of usernames and passwords as well as a list of sites that should not store passwords</description>
    <warning>This option will delete your saved passwords.</warning>
    <action command="delete" search="file" path="$$profile$$/signons.sqlite"/>
    <action command="delete" search="file" path="$$profile$$/signons.txt"/>
    <action command="delete" search="file" path="$$profile$$/signons3.txt"/>
  </option>
  <option id="vacuum">
    <label>Vacuum</label>
    <description>Clean database fragmentation to reduce space and improve speed without removing any data</description>
    <action command="sqlite.vacuum" search="glob" path="$$profile$$/*.sqlite"/>
  </option>
</cleaner>
